Steps,Policy/Entropy,Environment/Lesson/lessonID,Environment/Episode Length,Policy/Extrinsic Value Estimate,Policy/Curiosity Value Estimate,Environment/Cumulative Reward,Policy/Extrinsic Reward,Policy/Curiosity Reward,Is Training
25900,-1.7668252,1.0,49.0,408.2453,-3.8228288,1701.01611328125,1701.01611328125,0.0,1.0
26000,-1.7345414,1.0,49.0,220.03262,-3.4879727,-347.28509521484375,-347.28509521484375,0.0,1.0
26100,-1.549179,1.0,49.0,310.18652,-3.5582385,730.6915740966797,730.6915740966797,0.0,1.0
26200,-1.7493685,1.0,49.0,272.02576,-3.4826732,352.6774139404297,352.6774139404297,0.0,1.0
26300,-1.4192381,1.0,49.0,275.24503,-3.6388392,671.5028839111328,671.5028839111328,0.0,1.0
26400,-1.7962327,1.0,49.0,193.49524,-3.7738972,-455.5256652832031,-455.5256652832031,0.0,1.0
26500,-1.5751805,1.0,49.0,394.7986,-3.7753358,1628.6646118164062,1628.6646118164062,0.0,1.0
26600,-1.7451105,1.0,49.0,161.01476,-3.4392104,-535.5086975097656,-535.5086975097656,0.0,1.0
