{
    "name": "root",
    "metadata": {
        "timer_format_version": "0.1.0",
        "start_time_seconds": "1597398163",
        "python_version": "3.7.7 (default, May  6 2020, 11:45:54) [MSC v.1916 64 bit (AMD64)]",
        "command_line_arguments": "C:\\Users\\aquar\\anaconda3\\envs\\ml-agents\\Scripts\\mlagents-learn terrainGenSAC.yaml --run-id=terrainGenControlLessonLargeDivsAndStepsSetReward --force",
        "mlagents_version": "0.19.0.dev0",
        "mlagents_envs_version": "0.19.0.dev0",
        "communication_protocol_version": "1.0.0",
        "tensorflow_version": "2.2.0",
        "end_time_seconds": "1597398258"
    },
    "total": 94.9776128,
    "count": 1,
    "self": 0.019442200000000298,
    "children": {
        "run_training.setup": {
            "total": 0.14265939999999944,
            "count": 1,
            "self": 0.14265939999999944
        },
        "TrainerController.start_learning": {
            "total": 94.8155112,
            "count": 1,
            "self": 0.004410200000037889,
            "children": {
                "TrainerController._reset_env": {
                    "total": 52.1439224,
                    "count": 1,
                    "self": 52.1439224
                },
                "TrainerController.advance": {
                    "total": 39.08231339999997,
                    "count": 29,
                    "self": 0.0013511999999877844,
                    "children": {
                        "env_step": {
                            "total": 39.08096219999998,
                            "count": 29,
                            "self": 38.79191369999991,
                            "children": {
                                "SubprocessEnvManager._take_step": {
                                    "total": 0.2882922000000221,
                                    "count": 29,
                                    "self": 0.001556200000031538,
                                    "children": {
                                        "TFPolicy.evaluate": {
                                            "total": 0.28673599999999055,
                                            "count": 29,
                                            "self": 0.28673599999999055
                                        }
                                    }
                                },
                                "workers": {
                                    "total": 0.0007563000000487818,
                                    "count": 28,
                                    "self": 0.0,
                                    "children": {
                                        "worker_root": {
                                            "total": 50.18695040000006,
                                            "count": 28,
                                            "is_parallel": true,
                                            "self": 12.772093600000098,
                                            "children": {
                                                "steps_from_proto": {
                                                    "total": 0.0006157999999985009,
                                                    "count": 1,
                                                    "is_parallel": true,
                                                    "self": 0.00019509999999201,
                                                    "children": {
                                                        "_process_vector_observation": {
                                                            "total": 0.0004207000000064909,
                                                            "count": 2,
                                                            "is_parallel": true,
                                                            "self": 0.0004207000000064909
                                                        }
                                                    }
                                                },
                                                "UnityEnvironment.step": {
                                                    "total": 37.41424099999996,
                                                    "count": 28,
                                                    "is_parallel": true,
                                                    "self": 0.00609549999995096,
                                                    "children": {
                                                        "UnityEnvironment._generate_step_input": {
                                                            "total": 0.004452500000027726,
                                                            "count": 28,
                                                            "is_parallel": true,
                                                            "self": 0.004452500000027726
                                                        },
                                                        "communicator.exchange": {
                                                            "total": 37.389511699999964,
                                                            "count": 28,
                                                            "is_parallel": true,
                                                            "self": 37.389511699999964
                                                        },
                                                        "steps_from_proto": {
                                                            "total": 0.014181300000018382,
                                                            "count": 28,
                                                            "is_parallel": true,
                                                            "self": 0.005667200000026185,
                                                            "children": {
                                                                "_process_vector_observation": {
                                                                    "total": 0.008514099999992197,
                                                                    "count": 56,
                                                                    "is_parallel": true,
                                                                    "self": 0.008514099999992197
                                                                }
                                                            }
                                                        }
                                                    }
                                                }
                                            }
                                        }
                                    }
                                }
                            }
                        }
                    }
                },
                "trainer_threads": {
                    "total": 7.189999999468455e-05,
                    "count": 1,
                    "self": 7.189999999468455e-05,
                    "children": {
                        "thread_root": {
                            "total": 0.0,
                            "count": 0,
                            "is_parallel": true,
                            "self": 0.0,
                            "children": {
                                "trainer_advance": {
                                    "total": 38.63296780000021,
                                    "count": 15869,
                                    "is_parallel": true,
                                    "self": 0.9197724000010155,
                                    "children": {
                                        "process_trajectory": {
                                            "total": 37.713195399999194,
                                            "count": 15869,
                                            "is_parallel": true,