{
    "name": "root",
    "metadata": {
        "timer_format_version": "0.1.0",
        "start_time_seconds": "1596925548",
        "python_version": "3.7.7 (default, May  6 2020, 11:45:54) [MSC v.1916 64 bit (AMD64)]",
        "command_line_arguments": "C:\\Users\\aquar\\anaconda3\\envs\\ml-agents\\Scripts\\mlagents-learn terrainGenSAC.yaml --run-id=terrainGenControlStep --force",
        "mlagents_version": "0.19.0.dev0",
        "mlagents_envs_version": "0.19.0.dev0",
        "communication_protocol_version": "1.0.0",
        "tensorflow_version": "2.2.0",
        "end_time_seconds": "1596956379"
    },
    "total": 30830.7772646,
    "count": 1,
    "self": 2.447348300000158,
    "children": {
        "run_training.setup": {
            "total": 0.02764640000000007,
            "count": 1,
            "self": 0.02764640000000007
        },
        "TrainerController.start_learning": {
            "total": 30828.3022699,
            "count": 1,
            "self": 1.7635777001269162,
            "children": {
                "TrainerController._reset_env": {
                    "total": 49.6261612,
                    "count": 1,
                    "self": 49.6261612
                },
                "TrainerController.advance": {
                    "total": 30400.08633939987,
                    "count": 10030,
                    "self": 0.9444138000217208,
                    "children": {
                        "env_step": {
                            "total": 30399.141925599848,
                            "count": 10030,
                            "self": 30379.769630500035,
                            "children": {
                                "SubprocessEnvManager._take_step": {
                                    "total": 19.191077799940807,
                                    "count": 10030,
                                    "self": 0.3535302998237029,
                                    "children": {
                                        "TFPolicy.evaluate": {
                                            "total": 18.837547500117104,
                                            "count": 10030,
                                            "self": 18.837547500117104
                                        }
                                    }
                                },
                                "workers": {
                                    "total": 0.18121729987115032,
                                    "count": 10029,
                                    "self": 0.0,
                                    "children": {
                                        "worker_root": {
                                            "total": 30336.77366059997,
                                            "count": 10029,
                                            "is_parallel": true,
                                            "self": 93.6178638000165,
                                            "children": {
                                                "steps_from_proto": {
                                                    "total": 0.00037449999999950023,
                                                    "count": 1,
                                                    "is_parallel": true,
                                                    "self": 8.74000000052888e-05,
                                                    "children": {
                                                        "_process_vector_observation": {
                                                            "total": 0.00028709999999421143,
                                                            "count": 2,
                                                            "is_parallel": true,
                                                            "self": 0.00028709999999421143
                                                        }
                                                    }
                                                },
                                                "UnityEnvironment.step": {
                                                    "total": 30243.155422299955,
                                                    "count": 10029,
                                                    "is_parallel": true,
                                                    "self": 1.23841189990344,
                                                    "children": {
                                                        "UnityEnvironment._generate_step_input": {
                                                            "total": 0.866435400148184,
                                                            "count": 10029,
                                                            "is_parallel": true,
                                                            "self": 0.866435400148184
                                                        },
                                                        "communicator.exchange": {
                                                            "total": 30238.286435999922,
                                                            "count": 10029,
                                                            "is_parallel": true,
                                                            "self": 30238.286435999922
                                                        },
                                                        "steps_from_proto": {
                                                            "total": 2.7641389999825208,
                                                            "count": 10029,
                                                            "is_parallel": true,
                                                            "self": 1.147854099879197,
                                                            "children": {
                                                                "_process_vector_observation": {
                                                                    "total": 1.6162849001033237,
                                                                    "count": 20058,
                                                                    "is_parallel": true,
                                                                    "self": 1.6162849001033237
                                                                }
                                                            }
                                                        }
                                                    }
                                                }
                                            }
                                        }
                                    }
                                }
                            }
                        }
                    }
                },
                "TrainerController._save_models": {
                    "total": 376.82619160000104,
                    "count": 1,
                    "self": 4.635290800000803,
                    "children": {
                        "RLTrainer._checkpoint": {
                            "total": 372.19090080000024,
                            "count": 1,
                            "self": 372.19090080000024
                        }
                    }
                }
            }
        }
    }
}