{
    "name": "root",
    "gauges": {
        "TerrainGenerator.Policy.Entropy.mean": {
            "value": -1.9549635648727417,
            "min": -4.319291591644287,
            "max": -1.0818160772323608,
            "count": 17
        },
        "TerrainGenerator.Environment.Lesson.lessonID.mean": {
            "value": 4.0,
            "min": 4.0,
            "max": 4.0,
            "count": 17
        },
        "TerrainGenerator.Environment.EpisodeLength.mean": {
            "value": 49.0,
            "min": 49.0,
            "max": 49.0,
            "count": 17
        },
        "TerrainGenerator.Policy.ExtrinsicValueEstimate.mean": {
            "value": 1250.7763671875,
            "min": -4.939277648925781,
            "max": 1874.8472900390625,
            "count": 17
        },
        "TerrainGenerator.Policy.CuriosityValueEstimate.mean": {
            "value": -7.0464982986450195,
            "min": -7.531520843505859,
            "max": -5.086668014526367,
            "count": 17
        },
        "TerrainGenerator.Environment.CumulativeReward.mean": {
            "value": -523.0,
            "min": -559.5,
            "max": 102.24759674072266,
            "count": 17
        },
        "TerrainGenerator.Policy.ExtrinsicReward.mean": {
            "value": -523.0,
            "min": -559.5,
            "max": 102.24759674072266,
            "count": 17
        },
        "TerrainGenerator.Policy.CuriosityReward.mean": {
            "value": 0.001449188042897731,
            "min": 0.0,
            "max": 0.008379176259040833,
            "count": 17
        },
        "TerrainGenerator.IsTraining.mean": {
            "value": 1.0,
            "min": 1.0,
            "max": 1.0,
            "count": 17
        },
        "TerrainGenerator.Losses.ValueLoss.mean": {
            "value": 216.13258361816406,
            "min": 207.21588134765625,
            "max": 834.2832641601562,
            "count": 7
        },
        "TerrainGenerator.Losses.PolicyLoss.mean": {
            "value": -492.8357849121094,
            "min": -494.4203186035156,
            "max": -416.9876708984375,
            "count": 7
        },
        "TerrainGenerator.Losses.Q1Loss.mean": {
            "value": 57.371368408203125,
            "min": 57.371368408203125,
            "max": 251.94989013671875,
            "count": 7
        },
        "TerrainGenerator.Losses.Q2Loss.mean": {
            "value": 61.134220123291016,
            "min": 56.93021011352539,
            "max": 240.5201416015625,
            "count": 7
        },
        "TerrainGenerator.Policy.EntropyCoeff.mean": {
            "value": 0.008565803058445454,
            "min": 0.005619361996650696,
            "max": 0.008565803058445454,
            "count": 7
        },
        "TerrainGenerator.Policy.LearningRate.mean": {
            "value": 0.0006000000284984708,
            "min": 0.0005999999702908099,
            "max": 0.0006000000284984708,
            "count": 7
        },
        "TerrainGenerator.Losses.CuriosityForwardLoss.mean": {
            "value": 0.00015547221119049937,
            "min": 7.670235936529934e-05,
            "max": 0.0005560544668696821,
            "count": 7
        },
        "TerrainGenerator.Losses.CuriosityInverseLoss.mean": {
            "value": 3.8653619289398193,
            "min": 3.8653619289398193,
            "max": 5.137235164642334,
            "count": 7
        }
    },
    "metadata": {
        "timer_format_version": "0.1.0",
        "start_time_seconds": "1597958715",
        "python_version": "3.7.7 (default, May  6 2020, 11:45:54) [MSC v.1916 64 bit (AMD64)]",
        "command_line_arguments": "C:\\Users\\aquar\\anaconda3\\envs\\ml-agents\\Scripts\\mlagents-learn terrainGenSAC.yaml --run-id=terrainGenSACB32NoEarlyEpisodeEndLongerSteps --no-graphics --resume",
        "mlagents_version": "0.19.0.dev0",
        "mlagents_envs_version": "0.19.0.dev0",
        "communication_protocol_version": "1.0.0",
        "tensorflow_version": "2.2.0",
        "end_time_seconds": "1597961211"
    },
    "total": 2495.4683636,
    "count": 1,
    "self": 0.011302899999918736,
    "children": {
        "run_training.setup": {
            "total": 0.029325899999999905,
            "count": 1,
            "self": 0.029325899999999905
        },
        "TrainerController.start_learning": {
            "total": 2495.4277348,
            "count": 1,
            "self": 0.07476839999208096,
            "children": {
                "TrainerController._reset_env": {
                    "total": 21.6564473,
                    "count": 1,
                    "self": 21.6564473
                },
                "TrainerController.advance": {
                    "total": 2471.7162809000083,
                    "count": 1718,
                    "self": 0.055847000008725445,
                    "children": {
                        "env_step": {
                            "total": 2471.6604338999996,
                            "count": 1718,
                            "self": 2469.2104880000093,
                            "children": {
                                "SubprocessEnvManager._take_step": {
                                    "total": 2.4186884999897877,
                                    "count": 1718,
                                    "self": 0.06026039999168731,
                                    "children": {
                                        "TFPolicy.evaluate": {
                                            "total": 2.3584280999981004,
                                            "count": 1718,
                                            "self": 2.3584280999981004
                                        }
                                    }
                                },
                                "workers": {
                                    "total": 0.03125740000065491,
                                    "count": 1717,
                                    "self": 0.0,
                                    "children": {
                                        "worker_root": {
                                            "total": 2479.2814874999976,
                                            "count": 1717,
                                            "is_parallel": true,
                                            "self": 13.3292496999984,
                                            "children": {
                                                "steps_from_proto": {
                                                    "total": 0.005404600000000315,
                                                    "count": 1,
                                                    "is_parallel": true,
                                                    "self": 9.529999999990935e-05,
                                                    "children": {
                                                        "_process_vector_observation": {
                                                            "total": 0.005309300000000405,
                                                            "count": 2,
                                                            "is_parallel": true,
                                                            "self": 0.005309300000000405
                                                        }
                                                    }
                                                },
                                                "UnityEnvironment.step": {
                                                    "total": 2465.946833199999,
                                                    "count": 1717,
                                                    "is_parallel": true,
                                                    "self": 0.22459120000712574,