{
    "name": "root",
    "gauges": {
        "TerrainGenerator.Policy.Entropy.mean": {
            "value": -0.4231015145778656,
            "min": -0.6535455584526062,
            "max": -0.3554229736328125,
            "count": 14
        },
        "TerrainGenerator.Environment.Lesson.lessonID.mean": {
            "value": 1.0,
            "min": 1.0,
            "max": 1.0,
            "count": 14
        },
        "TerrainGenerator.Environment.EpisodeLength.mean": {
            "value": 4.0,
            "min": 4.0,
            "max": 4.0,
            "count": 14
        },
        "TerrainGenerator.Policy.ExtrinsicValueEstimate.mean": {
            "value": 539.6136474609375,
            "min": 395.6085205078125,
            "max": 640.169921875,
            "count": 14
        },
        "TerrainGenerator.Policy.CuriosityValueEstimate.mean": {
            "value": -360.2288513183594,
            "min": -360.2288513183594,
            "max": -298.594970703125,
            "count": 14
        },
        "TerrainGenerator.Environment.CumulativeReward.mean": {
            "value": -338.8767791748047,
            "min": -346.58666763305666,
            "max": -277.45831604003905,
            "count": 14
        },
        "TerrainGenerator.Policy.ExtrinsicReward.mean": {
            "value": -338.8767791748047,
            "min": -346.58666763305666,
            "max": -277.45831604003905,
            "count": 14
        },
        "TerrainGenerator.Policy.CuriosityReward.mean": {
            "value": 0.30023225788027047,
            "min": 0.0,
            "max": 0.3164043016731739,
            "count": 14
        },
        "TerrainGenerator.IsTraining.mean": {
            "value": 1.0,
            "min": 1.0,
            "max": 1.0,
            "count": 14
        },
        "TerrainGenerator.Losses.ValueLoss.mean": {
            "value": 1981.0872802734375,
            "min": 1734.822021484375,
            "max": 4451.55908203125,
            "count": 12
        },
        "TerrainGenerator.Losses.PolicyLoss.mean": {
            "value": -73.85502624511719,
            "min": -105.12181091308594,
            "max": -71.6842269897461,
            "count": 12
        },
        "TerrainGenerator.Losses.Q1Loss.mean": {
            "value": 842.6572265625,
            "min": 724.7192993164062,
            "max": 1608.6473388671875,
            "count": 12
        },
        "TerrainGenerator.Losses.Q2Loss.mean": {
            "value": 814.6949462890625,
            "min": 671.85595703125,
            "max": 1540.3797607421875,
            "count": 12
        },
        "TerrainGenerator.Policy.EntropyCoeff.mean": {
            "value": 0.3252643644809723,
            "min": 0.3252643644809723,
            "max": 0.3474508821964264,
            "count": 12
        },
        "TerrainGenerator.Policy.LearningRate.mean": {
            "value": 0.0003000000142492354,
            "min": 0.00029999998514540493,
            "max": 0.0003000000142492354,
            "count": 12
        },
        "TerrainGenerator.Losses.CuriosityForwardLoss.mean": {
            "value": 0.039230965077877045,
            "min": 0.033536721020936966,
            "max": 0.04258814826607704,
            "count": 12
        },
        "TerrainGenerator.Losses.CuriosityInverseLoss.mean": {
            "value": 3.5391077995300293,
            "min": 3.5391077995300293,
            "max": 3.9426281452178955,
            "count": 12
        }
    },
    "metadata": {
        "timer_format_version": "0.1.0",
        "start_time_seconds": "1597394139",
        "python_version": "3.7.7 (default, May  6 2020, 11:45:54) [MSC v.1916 64 bit (AMD64)]",
        "command_line_arguments": "C:\\Users\\aquar\\anaconda3\\envs\\ml-agents\\Scripts\\mlagents-learn terrainGenSAC.yaml --run-id=terrainGenControlStepLessonOnly2DivsLessSteps --resume",
        "mlagents_version": "0.19.0.dev0",
        "mlagents_envs_version": "0.19.0.dev0",
        "communication_protocol_version": "1.0.0",
        "tensorflow_version": "2.2.0",
        "end_time_seconds": "1597397386"
    },
    "total": 3246.5487415,
    "count": 1,
    "self": 0.0857320999998592,
    "children": {
        "run_training.setup": {
            "total": 0.8343169000000046,
            "count": 1,
            "self": 0.8343169000000046
        },
        "TrainerController.start_learning": {
            "total": 3245.6286925,
            "count": 1,
            "self": 0.24089579999917987,
            "children": {
                "TrainerController._reset_env": {
                    "total": 40.917175,
                    "count": 1,
                    "self": 40.917175
                },
                "TrainerController.advance": {
                    "total": 3201.512748900001,
                    "count": 1401,
                    "self": 0.07703080000601403,
                    "children": {
                        "env_step": {
                            "total": 3201.435718099995,
                            "count": 1401,
                            "self": 3198.0567213999793,
                            "children": {
                                "SubprocessEnvManager._take_step": {
                                    "total": 3.336042300007321,
                                    "count": 1401,
                                    "self": 0.0835865000037046,
                                    "children": {
                                        "TFPolicy.evaluate": {
                                            "total": 3.2524558000036166,
                                            "count": 1401,
                                            "self": 3.2524558000036166
                                        }
                                    }
                                },
                                "workers": {
                                    "total": 0.042954400008540006,
                                    "count": 1400,
                                    "self": 0.0,
                                    "children": {
                                        "worker_root": {
                                            "total": 3212.7360664000016,
                                            "count": 1400,
                                            "is_parallel": true,
                                            "self": 19.083866499999203,
                                            "children": {
                                                "steps_from_proto": {
                                                    "total": 0.0799289000000023,
                                                    "count": 1,
                                                    "is_parallel": true,
                                                    "self": 0.00037649999999800343,
                                                    "children": {
                                                        "_process_vector_observation": {
                                                            "total": 0.0795524000000043,
                                                            "count": 2,
                                                            "is_parallel": true,
                                                            "self": 0.0795524000000043
                                                        }
                                                    }
                                                },
                                                "UnityEnvironment.step": {
                                                    "total": 3193.5722710000023,
                                                    "count": 1400,
                                                    "is_parallel": true,
                                                    "self": 0.3029879000082474,