{
    "name": "root",
    "gauges": {
        "TerrainGenerator.Policy.Entropy.mean": {
            "value": 0.17225255072116852,
            "min": -0.06841477006673813,
            "max": 0.28659239411354065,
            "count": 42
        },
        "TerrainGenerator.Environment.EpisodeLength.mean": {
            "value": 15.933333333333334,
            "min": 13.142857142857142,
            "max": 20.0,
            "count": 42
        },
        "TerrainGenerator.Policy.ExtrinsicValueEstimate.mean": {
            "value": -296.0634765625,
            "min": -962.9410400390625,
            "max": 217.7498321533203,
            "count": 42
        },
        "TerrainGenerator.Policy.CuriosityValueEstimate.mean": {
            "value": -108.45403289794922,
            "min": -108.45403289794922,
            "max": -50.671592712402344,
            "count": 42
        },
        "TerrainGenerator.Environment.CumulativeReward.mean": {
            "value": -300.2950500488281,
            "min": -3425.335205078125,
            "max": 586.4129583185369,
            "count": 42
        },
        "TerrainGenerator.Policy.ExtrinsicReward.mean": {
            "value": -300.2950500488281,
            "min": -3425.335205078125,
            "max": 586.4129583185369,
            "count": 42
        },
        "TerrainGenerator.Policy.CuriosityReward.mean": {
            "value": 1.4954840262730917,
            "min": 0.0,
            "max": 4.236317165966692,
            "count": 42
        },
        "TerrainGenerator.IsTraining.mean": {
            "value": 1.0,
            "min": 1.0,
            "max": 1.0,
            "count": 42
        },
        "TerrainGenerator.Losses.ValueLoss.mean": {
            "value": 30431.314453125,
            "min": 19630.892578125,
            "max": 37558.421875,
            "count": 41
        },
        "TerrainGenerator.Losses.PolicyLoss.mean": {
            "value": 239.09625244140625,
            "min": 198.83815002441406,
            "max": 316.8801574707031,
            "count": 41
        },
        "TerrainGenerator.Losses.Q1Loss.mean": {
            "value": 13594.3271484375,
            "min": 8931.16796875,
            "max": 15976.8203125,
            "count": 41
        },
        "TerrainGenerator.Losses.Q2Loss.mean": {
            "value": 13577.7060546875,
            "min": 8736.365234375,
            "max": 16846.205078125,
            "count": 41
        },
        "TerrainGenerator.Policy.EntropyCoeff.mean": {
            "value": 0.5185495018959045,
            "min": 0.5185495018959045,
            "max": 0.6640368103981018,
            "count": 41
        },
        "TerrainGenerator.Policy.LearningRate.mean": {
            "value": 0.0003000000142492354,
            "min": 0.0003000000142492354,
            "max": 0.0003000000142492354,
            "count": 41
        },
        "TerrainGenerator.Losses.CuriosityForwardLoss.mean": {
            "value": 0.237767294049263,
            "min": 0.237767294049263,
            "max": 5.6764116287231445,
            "count": 41
        },
        "TerrainGenerator.Losses.CuriosityInverseLoss.mean": {
            "value": 1.264356255531311,
            "min": 0.957603931427002,
            "max": 2.0917787551879883,
            "count": 41
        }
    },
    "metadata": {
        "timer_format_version": "0.1.0",
        "start_time_seconds": "1596633519",
        "python_version": "3.7.7 (default, May  6 2020, 11:45:54) [MSC v.1916 64 bit (AMD64)]",
        "command_line_arguments": "C:\\Users\\aquar\\anaconda3\\envs\\ml-agents\\Scripts\\mlagents-learn terrainGenSAC.yaml --run-id=TerrainGenAddBonusRewardForRoughTerrain --resume",
        "mlagents_version": "0.19.0.dev0",
        "mlagents_envs_version": "0.19.0.dev0",
        "communication_protocol_version": "1.0.0",
        "tensorflow_version": "2.2.0",
        "end_time_seconds": "1596661483"
    },
    "total": 27963.4522128,
    "count": 1,
    "self": 47.76803900000232,
    "children": {
        "run_training.setup": {
            "total": 0.5656737000000001,
            "count": 1,
            "self": 0.5656737000000001
        },
        "TrainerController.start_learning": {
            "total": 27915.118500099998,
            "count": 1,
            "self": 1.1658452003248385,
            "children": {
                "TrainerController._reset_env": {
                    "total": 29.080278200000002,
                    "count": 1,
                    "self": 29.080278200000002
                },
                "TrainerController.advance": {
                    "total": 27870.26000959967,
                    "count": 21345,
                    "self": 0.44396579996464425,
                    "children": {
                        "env_step": {
                            "total": 27869.816043799707,
                            "count": 21345,
                            "self": 27841.0502647999,
                            "children": {
                                "SubprocessEnvManager._take_step": {
                                    "total": 28.31469369982488,
                                    "count": 21345,
                                    "self": 0.811723699809562,
                                    "children": {
                                        "TFPolicy.evaluate": {
                                            "total": 27.502970000015317,
                                            "count": 20548,
                                            "self": 27.502970000015317
                                        }
                                    }
                                },
                                "workers": {
                                    "total": 0.45108529998348246,
                                    "count": 21345,
                                    "self": 0.0,
                                    "children": {
                                        "worker_root": {
                                            "total": 27879.516628099886,
                                            "count": 21345,
                                            "is_parallel": true,
                                            "self": 71.09496659969955,
                                            "children": {
                                                "steps_from_proto": {
                                                    "total": 0.031195900000000165,
                                                    "count": 1,
                                                    "is_parallel": true,
                                                    "self": 0.00013849999999848706,
                                                    "children": {
                                                        "_process_vector_observation": {
                                                            "total": 0.031057400000001678,
                                                            "count": 2,
                                                            "is_parallel": true,
                                                            "self": 0.031057400000001678
                                                        }
                                                    }
                                                },
                                                "UnityEnvironment.step": {
                                                    "total": 27808.390465600187,
                                                    "count": 21345,
                                                    "is_parallel": true,
                                                    "self": 2.9319024003525556,
                                                    "children": {
                                                        "UnityEnvironment._generate_step_input": {
                                                            "total": 1.9748618999587215,