{
    "name": "root",
    "gauges": {
        "TerrainGenerator.Policy.Entropy.mean": {
            "value": -0.7347843050956726,
            "min": -0.7878835797309875,
            "max": 1.4190192222595215,
            "count": 118
        },
        "TerrainGenerator.Environment.Lesson.lessonID.mean": {
            "value": 0.0,
            "min": 0.0,
            "max": 0.0,
            "count": 118
        },
        "TerrainGenerator.Environment.EpisodeLength.mean": {
            "value": 14.0,
            "min": 14.0,
            "max": 14.0,
            "count": 118
        },
        "TerrainGenerator.Policy.ExtrinsicValueEstimate.mean": {
            "value": 519.54345703125,
            "min": 0.04982122778892517,
            "max": 519.54345703125,
            "count": 118
        },
        "TerrainGenerator.Policy.CuriosityValueEstimate.mean": {
            "value": -16.13430404663086,
            "min": -22.457212448120117,
            "max": 3.4016246795654297,
            "count": 118
        },
        "TerrainGenerator.Environment.CumulativeReward.mean": {
            "value": 366.07142857142856,
            "min": 96.42857142857143,
            "max": 372.9166666666667,
            "count": 118
        },
        "TerrainGenerator.Policy.ExtrinsicReward.mean": {
            "value": 366.07142857142856,
            "min": 96.42857142857143,
            "max": 372.9166666666667,
            "count": 118
        },
        "TerrainGenerator.Policy.CuriosityReward.mean": {
            "value": 3.1410158702305386,
            "min": 0.0,
            "max": 15.0,
            "count": 118
        },
        "TerrainGenerator.IsTraining.mean": {
            "value": 1.0,
            "min": 1.0,
            "max": 1.0,
            "count": 118
        },
        "TerrainGenerator.Losses.ValueLoss.mean": {
            "value": 37.87516784667969,
            "min": 22.297597885131836,
            "max": 91.76105499267578,
            "count": 108
        },
        "TerrainGenerator.Losses.PolicyLoss.mean": {
            "value": -250.7586212158203,
            "min": -250.7586212158203,
            "max": -5.083648204803467,
            "count": 108
        },
        "TerrainGenerator.Losses.Q1Loss.mean": {
            "value": 12.43731689453125,
            "min": 8.251405715942383,
            "max": 40.397010803222656,
            "count": 108
        },
        "TerrainGenerator.Losses.Q2Loss.mean": {
            "value": 11.873286247253418,
            "min": 8.152060508728027,
            "max": 40.13554000854492,
            "count": 108
        },
        "TerrainGenerator.Policy.EntropyCoeff.mean": {
            "value": 0.04452388733625412,
            "min": 0.04452388733625412,
            "max": 0.9872856140136719,
            "count": 108
        },
        "TerrainGenerator.Policy.LearningRate.mean": {
            "value": 0.0006000000284984708,
            "min": 0.0006000000284984708,
            "max": 0.0006000001449137926,
            "count": 108
        },
        "TerrainGenerator.Losses.CuriosityForwardLoss.mean": {
            "value": 0.2173624336719513,
            "min": 0.21230357885360718,
            "max": 59.19816970825195,
            "count": 108
        },
        "TerrainGenerator.Losses.CuriosityInverseLoss.mean": {
            "value": 1.856677770614624,
            "min": 1.856677770614624,
            "max": 5.6403937339782715,
            "count": 108
        }
    },
    "metadata": {
        "timer_format_version": "0.1.0",
        "start_time_seconds": "1597672487",
        "python_version": "3.7.7 (default, May  6 2020, 11:45:54) [MSC v.1916 64 bit (AMD64)]",
        "command_line_arguments": "C:\\Users\\aquar\\anaconda3\\envs\\ml-agents\\Scripts\\mlagents-learn terrainGenSAC.yaml --run-id=terrainGenSACB32NoEarlyEpisodeEndNoDuplicateObservations --no-graphics --force",
        "mlagents_version": "0.19.0.dev0",
        "mlagents_envs_version": "0.19.0.dev0",
        "communication_protocol_version": "1.0.0",
        "tensorflow_version": "2.2.0",
        "end_time_seconds": "1597687505"
    },
    "total": 15017.5277601,
    "count": 1,
    "self": 0.8996408999992127,
    "children": {
        "run_training.setup": {
            "total": 0.024235999999999702,
            "count": 1,
            "self": 0.024235999999999702
        },
        "TrainerController.start_learning": {
            "total": 15016.603883200001,
            "count": 1,
            "self": 2.1297583999948984,
            "children": {
                "TrainerController._reset_env": {
                    "total": 18.2696665,
                    "count": 1,
                    "self": 18.2696665
                },
                "TrainerController.advance": {
                    "total": 14974.896292700007,
                    "count": 11872,
                    "self": 0.45647350000399456,
                    "children": {
                        "env_step": {
                            "total": 14974.439819200003,
                            "count": 11872,
                            "self": 14959.271043300047,
                            "children": {
                                "SubprocessEnvManager._take_step": {
                                    "total": 14.91344910001045,
                                    "count": 11872,
                                    "self": 0.49392239996238274,
                                    "children": {
                                        "TFPolicy.evaluate": {
                                            "total": 14.419526700048067,
                                            "count": 11872,
                                            "self": 14.419526700048067
                                        }
                                    }
                                },
                                "workers": {
                                    "total": 0.25532679994614327,
                                    "count": 11871,
                                    "self": 0.0,
                                    "children": {
                                        "worker_root": {
                                            "total": 14977.619450700073,
                                            "count": 11871,
                                            "is_parallel": true,
                                            "self": 37.00596300009056,
                                            "children": {
                                                "steps_from_proto": {
                                                    "total": 0.00024819999999969866,
                                                    "count": 1,
                                                    "is_parallel": true,
                                                    "self": 8.809999999925822e-05,
                                                    "children": {
                                                        "_process_vector_observation": {
                                                            "total": 0.00016010000000044045,
                                                            "count": 2,
                                                            "is_parallel": true,
                                                            "self": 0.00016010000000044045
                                                        }
                                                    }
                                                },
                                                "UnityEnvironment.step": {
                                                    "total": 14940.613239499982,
                                                    "count": 11871,
                                                    "is_parallel": true,
                                                    "self": 1.726686899910419,