{
    "name": "root",
    "gauges": {
        "TerrainGenerator.Policy.Entropy.mean": {
            "value": -0.2704511880874634,
            "min": -0.27187255024909973,
            "max": 1.421015977859497,
            "count": 66
        },
        "TerrainGenerator.Environment.Lesson.lessonID.mean": {
            "value": 0.0,
            "min": 0.0,
            "max": 0.0,
            "count": 66
        },
        "TerrainGenerator.Environment.EpisodeLength.mean": {
            "value": 9.0,
            "min": 9.0,
            "max": 9.0,
            "count": 66
        },
        "TerrainGenerator.Policy.ExtrinsicValueEstimate.mean": {
            "value": -471.5433654785156,
            "min": -471.5433654785156,
            "max": 2.0760085582733154,
            "count": 66
        },
        "TerrainGenerator.Policy.CuriosityValueEstimate.mean": {
            "value": -26.132915496826172,
            "min": -26.132915496826172,
            "max": 25.099313735961914,
            "count": 66
        },
        "TerrainGenerator.Environment.CumulativeReward.mean": {
            "value": -800.0,
            "min": -4312.5,
            "max": -337.5,
            "count": 66
        },
        "TerrainGenerator.Policy.ExtrinsicReward.mean": {
            "value": -800.0,
            "min": -4312.5,
            "max": -337.5,
            "count": 66
        },
        "TerrainGenerator.Policy.CuriosityReward.mean": {
            "value": 1.8048692703247071,
            "min": 0.0,
            "max": 10.0,
            "count": 66
        },
        "TerrainGenerator.IsTraining.mean": {
            "value": 1.0,
            "min": 1.0,
            "max": 1.0,
            "count": 66
        },
        "TerrainGenerator.Losses.ValueLoss.mean": {
            "value": 11182.869140625,
            "min": 10872.640625,
            "max": 29040.396484375,
            "count": 64
        },
        "TerrainGenerator.Losses.PolicyLoss.mean": {
            "value": 293.5941467285156,
            "min": -0.5861905217170715,
            "max": 293.5941467285156,
            "count": 64
        },
        "TerrainGenerator.Losses.Q1Loss.mean": {
            "value": 5441.4462890625,
            "min": 5353.4326171875,
            "max": 13517.802734375,
            "count": 64
        },
        "TerrainGenerator.Losses.Q2Loss.mean": {
            "value": 5395.6357421875,
            "min": 5186.65625,
            "max": 14624.322265625,
            "count": 64
        },
        "TerrainGenerator.Policy.EntropyCoeff.mean": {
            "value": 0.9313231706619263,
            "min": 0.9313231706619263,
            "max": 0.9995342493057251,
            "count": 64
        },
        "TerrainGenerator.Policy.LearningRate.mean": {
            "value": 5.999999848427251e-05,
            "min": 5.999999848427251e-05,
            "max": 5.999999848427251e-05,
            "count": 64
        },
        "TerrainGenerator.Losses.CuriosityForwardLoss.mean": {
            "value": 0.21997611224651337,
            "min": 0.21851274371147156,
            "max": 12922.5439453125,
            "count": 64
        },
        "TerrainGenerator.Losses.CuriosityInverseLoss.mean": {
            "value": 2.7655282020568848,
            "min": 2.7006678581237793,
            "max": 607.6995239257812,
            "count": 64
        }
    },
    "metadata": {
        "timer_format_version": "0.1.0",
        "start_time_seconds": "1597321002",
        "python_version": "3.7.7 (default, May  6 2020, 11:45:54) [MSC v.1916 64 bit (AMD64)]",
        "command_line_arguments": "C:\\Users\\aquar\\anaconda3\\envs\\ml-agents\\Scripts\\mlagents-learn terrainGenSAC.yaml --run-id=terrainGenControlStepLessonOnly2Divs --force",
        "mlagents_version": "0.19.0.dev0",
        "mlagents_envs_version": "0.19.0.dev0",
        "communication_protocol_version": "1.0.0",
        "tensorflow_version": "2.2.0",
        "end_time_seconds": "1597332370"
    },
    "total": 11368.6662028,
    "count": 1,
    "self": 4.9123501999984,
    "children": {
        "run_training.setup": {
            "total": 0.05573739999999994,
            "count": 1,
            "self": 0.05573739999999994
        },
        "TrainerController.start_learning": {
            "total": 11363.6981152,
            "count": 1,
            "self": 3.1204725999305083,
            "children": {
                "TrainerController._reset_env": {
                    "total": 34.2563054,
                    "count": 1,
                    "self": 34.2563054
                },
                "TrainerController.advance": {
                    "total": 11298.66354300007,
                    "count": 6655,
                    "self": 0.44759340006021375,
                    "children": {
                        "env_step": {
                            "total": 11298.21594960001,
                            "count": 6655,
                            "self": 11280.27493170005,
                            "children": {
                                "SubprocessEnvManager._take_step": {
                                    "total": 17.671416499963094,
                                    "count": 6655,
                                    "self": 0.5175187999387916,
                                    "children": {
                                        "TFPolicy.evaluate": {
                                            "total": 17.153897700024302,
                                            "count": 6655,
                                            "self": 17.153897700024302
                                        }
                                    }
                                },
                                "workers": {
                                    "total": 0.2696013999958069,
                                    "count": 6654,
                                    "self": 0.0,
                                    "children": {
                                        "worker_root": {
                                            "total": 11310.39213139998,
                                            "count": 6654,
                                            "is_parallel": true,
                                            "self": 51.195319399990694,
                                            "children": {
                                                "steps_from_proto": {
                                                    "total": 0.047431100000000725,
                                                    "count": 1,
                                                    "is_parallel": true,
                                                    "self": 0.0003589000000019382,
                                                    "children": {
                                                        "_process_vector_observation": {
                                                            "total": 0.04707219999999879,
                                                            "count": 2,
                                                            "is_parallel": true,
                                                            "self": 0.04707219999999879
                                                        }
                                                    }
                                                },
                                                "UnityEnvironment.step": {
                                                    "total": 11259.14938089999,
                                                    "count": 6654,
                                                    "is_parallel": true,
                                                    "self": 1.8565494000104081,
                                                    "children": {
                                                        "UnityEnvironment._generate_step_input": {
                                                            "total": 1.281079099995047,