Steps,Policy/Entropy,Environment/Lesson/lessonID,Environment/Episode Length,Policy/Extrinsic Value Estimate,Policy/Curiosity Value Estimate,Environment/Cumulative Reward,Policy/Extrinsic Reward,Policy/Curiosity Reward,Is Training
500,1.4189384,0.0,14.0,-0.021966765,-0.15772922,1920.4545454545455,1920.4545454545455,0.0,1.0
1000,1.4189384,0.0,14.0,-0.03368134,-0.1604769,2204.5454545454545,2204.5454545454545,0.0,1.0
1500,1.4186913,0.0,14.0,1.6960222,-0.22468787,2189.3939393939395,2189.3939393939395,13.636363636363637,1.0
2000,1.4186746,0.0,14.0,1.6116767,-0.18203953,2215.4411764705883,2215.4411764705883,15.0,1.0
2500,1.4183831,0.0,14.0,6.222066,1.0394946,2162.878787878788,2162.878787878788,15.0,1.0
