{
    "name": "root",
    "gauges": {
        "TerrainGenerator.Policy.Entropy.mean": {
            "value": -1.145793080329895,
            "min": -2.1451311111450195,
            "max": -0.12433929741382599,
            "count": 84
        },
        "TerrainGenerator.Environment.Lesson.lessonID.mean": {
            "value": 2.0,
            "min": 2.0,
            "max": 2.0,
            "count": 84
        },
        "TerrainGenerator.Environment.EpisodeLength.mean": {
            "value": 9.1,
            "min": 5.5,
            "max": 14.0,
            "count": 84
        },
        "TerrainGenerator.IsTraining.mean": {
            "value": 1.0,
            "min": 1.0,
            "max": 1.0,
            "count": 84
        },
        "TerrainGenerator.Policy.ExtrinsicValueEstimate.mean": {
            "value": 161.7399139404297,
            "min": -329.19464111328125,
            "max": 2554.4560546875,
            "count": 83
        },
        "TerrainGenerator.Policy.CuriosityValueEstimate.mean": {
            "value": -74.12576293945312,
            "min": -74.12576293945312,
            "max": -12.90279769897461,
            "count": 83
        },
        "TerrainGenerator.Environment.CumulativeReward.mean": {
            "value": -956.1529296875,
            "min": -5638.320617675781,
            "max": 1785.39296875,
            "count": 83
        },
        "TerrainGenerator.Policy.ExtrinsicReward.mean": {
            "value": -956.1529296875,
            "min": -5638.320617675781,
            "max": 1785.39296875,
            "count": 83
        },
        "TerrainGenerator.Policy.CuriosityReward.mean": {
            "value": 5.2465821504592896,
            "min": 0.0,
            "max": 11.726374762398857,
            "count": 83
        },
        "TerrainGenerator.Losses.ValueLoss.mean": {
            "value": 176853.453125,
            "min": 175050.234375,
            "max": 451383.84375,
            "count": 81
        },
        "TerrainGenerator.Losses.PolicyLoss.mean": {
            "value": -435.41241455078125,
            "min": -472.77520751953125,
            "max": -35.48037338256836,
            "count": 81
        },
        "TerrainGenerator.Losses.Q1Loss.mean": {
            "value": 73216.3125,
            "min": 69970.1484375,
            "max": 187063.515625,
            "count": 81
        },
        "TerrainGenerator.Losses.Q2Loss.mean": {
            "value": 68575.953125,
            "min": 56719.42578125,
            "max": 192341.953125,
            "count": 81
        },
        "TerrainGenerator.Policy.EntropyCoeff.mean": {
            "value": 0.06333878636360168,
            "min": 0.045775044709444046,
            "max": 0.06334321945905685,
            "count": 81
        },
        "TerrainGenerator.Policy.LearningRate.mean": {
            "value": 0.0006000000284984708,
            "min": 0.0005999999702908099,
            "max": 0.0006000000284984708,
            "count": 81
        },
        "TerrainGenerator.Losses.CuriosityForwardLoss.mean": {
            "value": 0.8007693290710449,
            "min": 0.7358086109161377,
            "max": 1.6569362878799438,
            "count": 81
        },
        "TerrainGenerator.Losses.CuriosityInverseLoss.mean": {
            "value": 1.8125280141830444,
            "min": 1.0665037631988525,
            "max": 2.2732656002044678,
            "count": 81
        }
    },
    "metadata": {
        "timer_format_version": "0.1.0",
        "start_time_seconds": "1597148640",
        "python_version": "3.7.7 (default, May  6 2020, 11:45:54) [MSC v.1916 64 bit (AMD64)]",
        "command_line_arguments": "C:\\Users\\aquar\\anaconda3\\envs\\ml-agents\\Scripts\\mlagents-learn terrainGenSAC.yaml --run-id=terrainGenControlStepPLesson --resume",
        "mlagents_version": "0.19.0.dev0",
        "mlagents_envs_version": "0.19.0.dev0",
        "communication_protocol_version": "1.0.0",
        "tensorflow_version": "2.2.0",
        "end_time_seconds": "1597162474"
    },
    "total": 13834.2886053,
    "count": 1,
    "self": 9.552971899998738,
    "children": {
        "run_training.setup": {
            "total": 0.03807120000000008,
            "count": 1,
            "self": 0.03807120000000008
        },
        "TrainerController.start_learning": {
            "total": 13824.6975622,
            "count": 1,
            "self": 1.5432482999767672,
            "children": {
                "TrainerController._reset_env": {
                    "total": 24.1359475,
                    "count": 1,
                    "self": 24.1359475
                },
                "TrainerController.advance": {
                    "total": 13771.692374300024,
                    "count": 8402,
                    "self": 0.28995489999942947,
                    "children": {
                        "env_step": {
                            "total": 13771.402419400025,
                            "count": 8402,
                            "self": 13760.760016600065,
                            "children": {
                                "SubprocessEnvManager._take_step": {
                                    "total": 10.474603099928235,
                                    "count": 8402,
                                    "self": 0.3167232999250871,
                                    "children": {
                                        "TFPolicy.evaluate": {
                                            "total": 10.157879800003148,
                                            "count": 8402,
                                            "self": 10.157879800003148
                                        }
                                    }
                                },
                                "workers": {
                                    "total": 0.16779970003219447,
                                    "count": 8401,
                                    "self": 0.0,
                                    "children": {
                                        "worker_root": {
                                            "total": 13777.632434199997,
                                            "count": 8401,
                                            "is_parallel": true,
                                            "self": 30.588580600009664,
                                            "children": {
                                                "steps_from_proto": {
                                                    "total": 0.03610609999999781,
                                                    "count": 1,
                                                    "is_parallel": true,
                                                    "self": 0.00017299999999664806,
                                                    "children": {
                                                        "_process_vector_observation": {
                                                            "total": 0.03593310000000116,
                                                            "count": 2,
                                                            "is_parallel": true,
                                                            "self": 0.03593310000000116
                                                        }
                                                    }
                                                },
                                                "UnityEnvironment.step": {
                                                    "total": 13747.007747499987,
                                                    "count": 8401,
                                                    "is_parallel": true,
                                                    "self": 1.0835163000883767,